DatasetID,Stock,Grid,Random,SMBO,Stock_Time,Grid_Time,Random_Time,SMBO_Time
8,0.14,0.23,0.22,0.23,0.0016231536865234375,3.8082988262176514,3.2137210369110107,2.17785382270813
560,0.45,0.75,0.75,0.76,0.0011899471282958984,1.160557746887207,1.0752499103546143,1.976374864578247
1090,0.53,0.45,-0.9,0.49,0.0005178451538085938,0.6878747940063477,0.45656490325927734,1.1669299602508545
