DatasetID,Stock,Grid,Random,SMBO,Stock_Time,Grid_Time,Random_Time,SMBO_Time
1464,0.78,0.73,0.73,0.77,0.05645918846130371,0.2771587371826172,4.384443998336792,4.002165079116821
