DatasetID,Stock,Grid,Random,SMBO,Stock_Time,Grid_Time,Random_Time,SMBO_Time
1464,0.78,0.73,0.73,0.77,0.08768391609191895,0.5589189529418945,6.701026916503906,5.702139854431152
1491,0.6,0.5,0.36,0.47,1.9475278854370117,15.801743745803833,615.9807238578796,163.95487689971924
1494,0.84,0.71,0.71,0.83,0.76580810546875,4.764665842056274,17.437409162521362,50.41259288787842
1504,0.66,0.67,0.67,0.67,0.11246013641357422,1.1079158782958984,23.66611099243164,8.445081949234009
1063,0.77,0.78,0.78,0.78,0.08303999900817871,0.9806530475616455,9.42425274848938,8.912115812301636
