DatasetID,Stock,Grid,Random,SMBO,Stock_Time,Grid_Time,Random_Time,SMBO_Time
8,0.14,0.23,0.22,0.23,0.001603841781616211,3.5618770122528076,3.0007717609405518,1.28428316116333
560,0.45,0.75,0.75,0.76,0.0011107921600341797,1.0331928730010986,0.9978318214416504,1.2184913158416748
