DatasetID,Stock,Grid,Random,SMBO,Stock_Time,Grid_Time,Random_Time,SMBO_Time
1464,0.73,0.7,0.69,0.77,0.005220174789428711,3.4362339973449707,2.3353850841522217,2.917579174041748
1491,0.76,0.81,0.81,0.84,0.11684012413024902,44.20789694786072,39.07479000091553,19.77952265739441
1494,0.82,0.84,0.83,0.85,0.009907007217407227,6.515459060668945,8.153713941574097,3.516944169998169
1504,0.67,0.67,0.67,0.67,0.04262804985046387,28.640100240707397,88.37945294380188,13.941528081893921
1063,0.84,0.78,0.78,0.79,0.0018019676208496094,1.8588030338287354,1.677476167678833,1.784620761871338
