DatasetID,Stock,Grid,Random,SMBO,Stock_Time,Grid_Time,Random_Time,SMBO_Time
1464,0.73,0.7,0.69,0.77,0.003968000411987305,3.8073480129241943,2.6680357456207275,3.1139841079711914
1491,0.76,0.81,0.81,0.84,0.12563776969909668,44.946234941482544,40.07522702217102,20.993839263916016
1494,0.82,0.84,0.83,0.85,0.010107994079589844,6.709993124008179,8.311906099319458,3.7101969718933105
1504,0.67,0.67,0.67,0.67,0.04114699363708496,27.076499938964844,26.797780990600586,15.434409379959106
1063,0.84,0.78,0.78,0.79,0.0017268657684326172,1.9123928546905518,1.7270259857177734,2.2615530490875244
