DatasetID,Stock,Grid,Random,SMBO,Stock_Time,Grid_Time,Random_Time,SMBO_Time
1464,0.73,0.7,0.69,0.77,0.004858970642089844,3.4757068157196045,2.452517032623291,2.8926520347595215
1491,0.76,0.81,0.81,0.84,0.12341094017028809,44.11084866523743,39.40009593963623,20.385119915008545
1494,0.82,0.84,0.83,0.85,0.009994983673095703,6.718469858169556,8.44539999961853,4.013055086135864
1504,0.67,0.67,0.67,0.67,0.0503690242767334,26.87332797050476,27.182517766952515,14.457997798919678
1063,0.84,0.78,0.78,0.79,0.0017528533935546875,1.8756060600280762,1.7056000232696533,1.8767340183258057
