DatasetID,Stock,Grid,Random,SMBO,Stock_Time,Grid_Time,Random_Time,SMBO_Time
8,0.14,0.23,0.21,0.23,0.0020978450775146484,3.5734658241271973,2.8732590675354004,1.6577670574188232
560,0.45,0.75,0.75,0.76,0.0011029243469238281,1.0356197357177734,1.1155729293823242,1.6673836708068848
1090,0.53,0.45,-0.9,0.49,0.00048804283142089844,0.6909420490264893,0.49746203422546387,1.0163111686706543
44223,0.14,0.37,0.34,0.4,0.006123065948486328,3.1786980628967285,2.9817819595336914,2.489672899246216
