DatasetID,Stock,Grid,Random,SMBO,Stock_Time,Grid_Time,Random_Time,SMBO_Time
8,0.14,0.23,0.21,0.23,0.0016512870788574219,3.5183541774749756,2.773529052734375,1.67852783203125
